{
  "islands": [
    {
      "name": "Saint Kitts Island",
      "x": 2000,
      "y": 1500,
      "scale": 1,
      "imageFilename": "Saint_Kitts.png",
      "collisionCircles": [
        {
          "x": -204.98590171591422,
          "y": 66.08840298994346,
          "radius": 280
        },
        {
          "x": -160,
          "y": -155,
          "radius": 120
        }
      ]
    },
    {
      "name": "Nevis Island",
      "x": 4500,
      "y": 3000,
      "scale": 1,
      "imageFilename": "Nevis.png",
      "collisionCircles": [
        {
          "x": -214.38903255968853,
          "y": 307.23515042438703,
          "radius": 180
        },
        {
          "x": -80,
          "y": -60,
          "radius": 80
        }
      ]
    }
  ],
  "worldWidth": 10240,
  "worldHeight": 7680
}